,Fund Name,P1,P2,P3,P4,P5,Performance Score,Rank
0,M1,0.85,0.72,6.6,51.1,14.82,0.3888913326428565,7
1,M2,0.94,0.88,4.5,56.6,15.73,0.5197172118143986,4
2,M3,0.71,0.5,3.8,37.8,10.7,0.5881588017603425,2
3,M4,0.62,0.38,5.5,35.7,10.55,0.4840158784686534,5
4,M5,0.81,0.66,4.3,45.5,12.82,0.5722547449204184,3
5,M6,0.8,0.64,7.0,50.0,14.61,0.3436156650411114,8
6,M7,0.89,0.79,3.1,47.2,13.0,0.6589091411204101,1
7,M8,0.8,0.64,6.3,41.5,12.31,0.4503596476607492,6
